"mr_horoscope",
"आज तुम्हाला अनोळखी लोकांचा पाठिंबा मिळू शकतो. कठोर परिश्रम आवश्यक आहे. तुमच्यासाठी सक्रिय असलेले विरोधकही पराभूत होतील. बांधकाम कामाची गरज असेल. काही चांगली बातमी तुमचा उत्साह वाढवेल. ६०% नशिबाची साथ आहे.",
"काही आर्थिक आणि कौटुंबिक अडथळे तुम्हाला दबावाखाली ठेवतील. अधिक उत्साह आणि तत्परतेने काम बिघडू शकते, संयमाने पुढे जाणे तुमच्यासाठी फायदेशीर ठरेल. चांगले संदेशही येतील आणि तुम्ही जुन्या मित्रांना भेटू शकता. अनावश्यक शंका टाळा. चुकीच्या मार्गाने पैसे कमवू नका. ५५% नशिबाची साथ आहे.",
"कौटुंबिक असमानता डोके वर काढू शकते. तथापि, प्रतिष्ठा देखील वाढेल आणि अनपेक्षित लाभ देखील होईल. व्यवहारात सावधगिरी बाळगा. तुम्ही केलेल्या कामाला विरोध होईल. कौटुंबिक समस्यांबाबत कोणताही चुकीचा निर्णय घेणे कठीण होईल. ७०% नशिबाची साथ आहे.",
"राशीचा स्वामी चंद्रापासून ६ व्या घरात संचार करत आहे. अशा परिस्थितीत, कठोर परिश्रमानंतर, इच्छित नफा होईल. तुम्हाला कदाचित खूप दूरचा प्रवास करावा लागेल. मानसिक समस्यांमुळे मन निराश राहील. तुम्हाला काही अपूर्ण कामे हाताळावी लागतील. सुख आणि दु:खाला समान मानून, सर्व काही नशिबावर सोपवा. ६०% नशिबाची साथ आहे.",
"सर्व कामे वेळेवर होताना दिसतील. चांगल्या दिवसांचा योग मनाला फुलवेल. खर्चावर नियंत्रण ठेवणे महत्वाचे आहे. व्यवसाय आणि व्यवसायाशी संबंधित अनेक अनुभव येतील. व्यवसाय आणि व्यवसायाशी संबंधित लोकांना विविध क्षेत्रात चांगली प्रतिष्ठा मिळेल. ६५% नशिबाची साथ आहे.",
"मुलींना सण आणि उत्सवांमध्ये सहभागी होण्याची संधी मिळेल. चांगले अन्न आरोग्य वाढवेल. चांगली बातमी येत राहील, म्हणून जे काम अपेक्षित आहे ते करा. तुम्ही मुलांबद्दल थोडे चिंतित व्हाल, पण शहाणपणाने वागा. ९८% नशिबाची साथ आहे.",
"तुम्ही कार्यक्षेत्रात यशस्वी व्हाल आणि एकामागून एक प्रश्न मार्गी लागतील. पोट आणि डोळ्यांच्या दुखण्यामुळे आरोग्यावर परिणाम होईल, ज्यामुळे कार्यक्षेत्रात अस्थिरता निर्माण होईल. वेळेनुसार चालून तुम्ही प्रगती कराल, अन्यथा वेळ तुम्हाला मागे सोडेल. ८०% नशिबाची साथ आहे.",
"वैवाहिक सुखात वाढ होईल. गुंतागुंतीची कामे पार पाडली जातील आणि फायदेशीर उपक्रमही चालवले जातील. मानसिक गोंधळामुळे डोकेदुखीची समस्या असेल किंवा मुलाच्या बाजूने चिंता असेल. शेजाऱ्यांमुळे काही त्रास होऊ शकतो. ५३% नशिबाची साथ आहे.",
"वाहन आणि घरांशी संबंधित समस्या डोके वर काढू शकतात. चांगल्या संदेशांच्या आगमनाने उत्साह वाढेल आणि तुम्हाला मित्रांचे सहकार्यही मिळेल. आप्तेष्टांचेही सहकार्य मिळेल. हातात पुरेशी संपत्ती असूनही, काही कौटुंबिक अशांतता असेल. त्यामुळे आगाऊ महत्त्वाचे निर्णय घेऊ नका. ९१% नशिबाची साथ आहे.",
"सामर्थ्य आणि प्रयत्नांच्या योजना तयार केल्या जातील आणि मित्रांचा पाठिंबा कायम राहील. कोणत्याही जंगम किंवा स्थावर मालमत्तेवर कौटुंबिक वाद मिटवणे आवश्यक असेल. कौटुंबिक व्यवस्था करण्यात व्यस्त असाल. विचारपूर्वक केलेले काम यशस्वी होईल आणि मित्रांकडून कमी विरोध होईल. ५५% नशिबाची साथ आहे.",
"कोणावर अनावश्यक शंका आणि वादामध्ये वेळ व पैसा वाया जाईल. नियोजित कार्यक्रम देखील यशस्वी होतील आणि आर्थिक लाभाची संधी देखील असेल. वडिलांकडून नफ्याची आशा राहील. जुन्या मित्राच्या आगमनामुळे कुटुंबातील व्यस्तता वाढेल. ८०% नशिबाची साथ आहे.",
"वेळ फायदेशीर आहे, तुम्ही प्रत्येक गोष्ट कुशलतेने आणि सरावाने साध्य करू शकता. गुंतागुंत संपेल आणि विरोधकही पराभूत होतील. खाण्यापिण्याची पथ्ये पाळा, अन्यथा अपचनाचा त्रास होईल. आर्थिक कारणांमुळे जोडीदारासोबत दूरावा निर्माण होईल, पण प्रेम तसेच राहील. ७१% नशिबाची साथ आहे.",
"येणारा काळ हा खूप चांगला आहे, त्यासाठी उल्हसित राहा, त्यातूनच तुम्हा आधिक ऊर्जा मिळेल. आज तुम्ही धन संबंधाने जोडलेल्या समस्यांच्या कारणाने चिंतीत राहू शकतात यासाठी तुम्हाला आपल्या कुठल्या विश्वासपात्रचा सल्ला घेतला पाहिजे. तुमच्या कुटुंबातील सदस्या राईचा पर्वत करण्याची शक्यता आहे. तुमच्या स्वप्नातील राजकुमारीशी आज तुमची भेट झाल्यामुळे तुमचा आनंद गगनात मावणार नाही, तुमचे हृदय धडधडेल. कामाच्या ठिकाणी कोणीतरी तुम्हाला काहीतरी छान ट्रीट देणार आहे. प्रवास-करमणूक आणि लोकांमध्ये मिसळणे हाच तुमच्या आजच्या दिवसाचा विषय आहे. आज तुम्ही तुमच्या जोडीदारासमवेत खूप छान काळ घालवाल.",
"जीवन आनंदाने जगण्याची आपल्या अपेक्षा आकांक्षा तपासून पाहा. योगसाधनेची मदत घ्या. त्यामुळे तुम्हाला जीवनाचा आनंद शारीरिक, मानसिक आणि अध्यात्मिक पद्धतीने कसा घ्यावा हे शिकता येईल. त्यामुळे तुमच्या स्वभावात सुधारणा होतील. आज तुम्हाला चांगल्यापैकी पैसा मिळणार आहे - परंतु खर्चात वाढ झाल्याने बचत करणे दुरापास्त ठरेल. आपल्या मित्रमैत्रिणींबरोबर काहीतरी मस्तीखोर, उत्साही करण्यासाठी एकदम योग्य दिवस. प्रेमीला आज तुमच्या कुठल्या गोष्टीचे वाईट वाटू शकते. ते तुमच्याशी नाराज होतील त्याच्या आधीच आपली चूक मान्य करा आणि त्यांची मनधरणी करा. आज तुमच्यासाठी खूपच कार्यशील असा दिवस आहे. समाजातही वेगवेगळ्या लोकांशी भेटीगाठी होतील - लोक तुमचा सल्ला मागण्यासाठी तुमच्याकडे येतील आणि तुमच्या मुखातून निघालेला प्रत्यके शब्द त्यांना निर्विवाद मान्य होईल. जे लोक आत्तापर्यंत कुठल्या कामात व्यस्त होते आज त्यांना आपल्यासाठी वेळ मिळू शकतो परंतु, घरात कुठले काम येण्याने तुम्ही परत व्यस्त होऊ शकतात. अलीकडे काही विपरित घटना घडल्या असल्या तरी तुमचा जोडीदार त्याच्या मनात तुमच्याविषयी असलेलं प्रेम व्यक्त करेल.",
"व्यायामाच्या आधारे आपण आपले वजन नियंत्रणात ठेवू शकता.  जर तुम्हाला वाटते की, तुमच्याकडे पर्याप्त धन नाही तर, आज घरातील कुणी मोठ्या व्यक्तीकडून धन संचित करण्याचा सल्ला घ्या. घरामध्ये तुमची मुलं तुमच्यासमोर अत्यंत बिकट अशी परिस्थिती निर्माण करतील, कोणतीही कृती करण्यापूर्वी सर्व बाजू तपासून पाहा. रोमान्ससाठी अत्यंत उत्तेजनापूर्ण दिवस आहे. सायंकाळसाठी काही तरी खास योजना आखा, आणि आजची सायंकाळ जास्तीतजास्त रोमॅण्टीक करण्याचा प्रयत्न करा. स्पर्धेमुळे तुमचे कामाचे वेळापत्रक धकाधकीचे, धावपळीचे बनेल. या राशीतील मुले खेळण्यात दिवस घालवू शकतात अश्यात माता-पिताला त्यांच्यावर लक्ष दिले पाहिजे कारण, दुखापत होण्याची शक्यता आहे. तुमचा/तुमची जोडीदार आज तुमच्यासाठी काहीतरी विशेष करेल.",
"आजच्या विशेष दिवशी तुमच्या तंदुरुस्तीमुळे तुम्ही एखादे असामान्य काम कराल. तुम्ही अतिशय उत्साहपूर्ण नवीन परिस्थितीचा अनुभव घ्याल - त्यामुळे तुम्हाला आर्थिक फायदा संभवतो. प्रेमातून साहचर्य आणि बॉण्डिंग तयार होईल. त्रयस्थ व्यक्तीचा हस्तक्षेप तुम्ही आणि तुमच्या प्रिय व्यक्तीमध्ये संघर्ष निर्माण करू शकतो. कामाच्या दृष्टीने आजचा दिवस सुरळीत जाईल. आजच्या दिवशी तुमचे काही मित्र तुमच्या घरात येऊ शकतात आणि त्यांच्या सोबत तुम्ही वेळ घालवू शकतात तथापि, या वेळेत दारू, सिगारेट जश्या पदार्थांचे सेवन करणे तुमच्यासाठी चांगले नसेल. तुमचे वैवाहिक आयुष्य चुकीच्या पद्धतीने तुमचे शेजारी तुमचे कुटुंबिय आणि नातेवाईकांपर्यंत पोहोचवतील.",
"तुमच्या दयाळू स्वभावामुळे आज अनेक आनंदाचे क्षण अनुभवाल. कुणी ही अनुभव नसलेल्या व्यक्तीच्या सल्ल्याने आज असे कुठले ही काम करू नका ज्यामुळे तुम्हाला आर्थिक हानी होईल. एखाद्या धार्मिक स्थळी किंवा एखाद्या नातेवाईकाच्या घरी जाण्याचा विचार पुढे येईल. प्रणयराधन करण्याचा योग खूप उत्साहाचा असला तरी खूप काळपर्यंत रंगणार नाही. प्रलंबित प्रकल्प आणि योजनांना अंतिम स्वरूप मिळेल. आज जीवनसाथी सोबत वेळ घालवण्यासाठी तुमच्या जवळ पर्याप्त वेळ असेल. तुमच्या प्रेमाला पाहून आज तुमचा प्रेमी आनंदित होईल. तुमचे तुमच्या जोडीदाराशी गंभीर भांडण होईल.",
"आरोग्य एकदम चोख असेल. आर्थिक दृष्ट्या आज दिवस मिळता-जुळता राहील. आज तुम्हाला धन लाभ ही होऊ शकतो परंतु, यासाठी तुम्हाला कठीण मेहनत करावी लागेल. तुमच्या ओळखीचे कुणतरी तुमची आर्थिक स्थिती पाहून विचित्र पद्धतीने प्रतिक्रिया देईल, त्यामुळे घरात तुम्हाला अवघडल्यासारखे वाटेल. आज तुमचा प्रेमी आपल्या मनोभावे तुमच्या समोर मोकळा राहू शकणार नाही ज्यामुळे तुम्हाला खिन्नता होईल. काही काळ आपण केवळ स्वत:च्या जिवावरच काम खेचून नेत आहात असे चित्र असेल, सहकारी, सहयोगी तुमच्या मदतीस येतील, पण फार काही मदत देऊ शकतील असे दिसत नाही. व्यक्तिमत्व सुधारण्यावर केलेल्या प्रयत्नांचे समाधानकारक फळ मिळेल. किराणा मालाच्या खरेदीवरून तुम्ही तुमच्या जोडीदारावर चिडाल.",
"आपले मत मांडण्यास कचरु नका. तुमचा आत्मविश्वास ढळू देऊ नका, अन्यथा त्यामुळे आपल्या प्रगतीमध्ये अनेक अडचणी निर्माण होतील. स्वत:ला व्यक्त होऊ द्या आणि हसतमुखाने अडचणींचा सामना करा. तुमचे धन कुठे खर्च होत आहे यावर तुम्हाला नजर ठेवण्याची आवश्यकता आहे अथवा येणाऱ्या काळात तुम्हाला समस्यांचा सामना करावा लागू शकतो. नोतवाईक व मित्रमंडळींकडून अनपेक्षित भेटवस्तू मिळतील. एखाद्या मौल्यवान वस्तूप्रमाणे आपले प्रेम ताजे असू द्या. कलात्मक क्षेत्रातील लोकांना आजचा दिवस यशदायी ठरले. ब-याच काळापासून ते वाट पाहात असलेली कीर्ती आणि मान्यता त्यांना मिळेल. या राशीतील लोक खूप मनोरंजक असतात. हे कधी लोकांमध्ये राहून आनंदी राहतात तर, कधी एकटे राहून तथापि, एकटा वेळ घालवणे इतके शक्य नाही तरी ही आजच्या दिवशी काही वेळ तुम्ही आपल्यासाठी नक्की काढू शकाल. तुम्हाला सोशल मीडीयावर वैवाहिक आयुष्याविषयी अनेक जोक वाचायला मिळतात, पण लग्नामुळे तुमच्या आयुष्यात जे काही आनंदाचे क्षण आले आहेत, त्यामुळे आज तुम्ही भावूक व्हाल.",
"जेवणात मीठाची गरज ही अपिरहार्य असते, आपल्याला आनंदाची, सुखाची खरी किंमत कळण्यासाठी दुखाची गरज भासतेच. तात्पुरते कर्ज मागण्यासाठी आलेल्या लोकांकडे निव्वळ दुर्लक्ष करा. जुन्या ओळखी आणि संबंधाना उजाळा देण्यासाठी चांगला दिवस. तुम्ही तुमच्या जोडीदाराकडे/भागादाराकडे दुर्लक्ष केले तर तो किंवा ती नाराज होतील. नेहमीपेक्षा आज तुम्ही उच्च लक्ष्य गाठण्याचा प्रयत्न कराल - अपेक्षित निकाल मिळाला नाही तरी नाराज होऊ नका. इतरांना मदत करण्यासाठी आपला वेळ आणि शक्ती खर्च करा, पण आपला काहीही संबंध नसताना इतरांच्या कामात लुडबूड करु नका. आज तुम्हाला तुमच्या जोडीदारासमवेत शृंगार करायला भरपूर वेळ मिळेल, पण प्रकृतीवर परिणाम होण्याची शक्यता आहे.",
"असुरक्षितता अथवा आत्मविस्मृतीच्या भावनेमुळे चक्कर येईल. नव्या आर्थिक करारांना अंतिम स्वरुप मिळाल्यामुळे ताजा अर्थपुरवठा होईल. प्रभावी ठरणाºया आणि महत्त्वाच्या पदांवरील लोकांशी संपर्क साधता यावा आणि संबंध वाढवावेत यासाठी तुम्हाला वेगवेगळ्या कार्यक्रमांना हजेरी लावणे ही चांगली संधी ठरेल. प्रिय व्यक्तीला फुले आणि सुंदर भेटवस्तू देऊन संध्याकाळ प्रणयराधनेत घालवाल. तुम्हाला कार्यक्षेत्रात चांगले फळ मिळण्यासाठी आपल्या काम करण्याच्या पद्धतीवर लक्ष देण्याची आवश्यकता आहे अथवा तुम्ही बॉसच्या नजरेत तुमची नकारात्मक प्रतिमा बनवू शकतात. परिसंवाद आणि प्रदर्शनांना भेट दिल्याने तुमच्या ज्ञानात भर पडले तसेच तुमचा नवीन लोकांशी संपर्क होईल. तुमचा जोडीदार किती रोमँटिक होऊ शकतो, हे तुम्हाला आज पाहायला मिळेल.",
"आज तुम्हाला तुमचे आरोग्य राखण्यासाठी आणि चांगेल दिसावे यासाठी प्रयत्न करायला खूप भरपूर मोकळा वेळ मिळेल. अनपेक्षितरित्या तुमच्या खर्चात वाढ झाल्याने तुमची मन:शांती ढळेल. भरपूर आनंदाचा दिवस, जेव्हा तुमचा जोडीदार तुम्हाला खुश करण्याचा प्रयत्न करेल. आजच्या दिवशी आपल्या प्रेमिके/का ला दुखवू नका, अन्यथा नंतर पश्चाताप करावा लागेल. तोलामोलाच्या व्यक्तींशी व्यवहार करताना, आपण आज आत्मसात केलेले, अधिकाधिक ज्ञान तुमच्या व्यक्तीमत्त्वाला वेगळीच धार देईल. या राशीतील व्यक्ती आजच्या दिवशी तुमच्या भाऊ बहिणींसोबत घरात काही सिनेमा किंवा मॅच पाहू शकतात. असे करून तुमचे लोकांमधील प्रेमात वाढ करू होईल. किराणा मालाच्या खरेदीवरून तुम्ही तुमच्या जोडीदारावर चिडाल.",
